Title,Genre,Premiere,Runtime,IMDB Score,Language,Release Year,Decade,IMDB Category,Language Group,Genre Group
Enter the Anime,Documentary,2019-08-05,58,2.5,English/Japanese,2019.0,2010.0,Low,English,Documentary
Dark Forces,Thriller,2020-08-21,81,2.6,Spanish,2020.0,2020.0,Low,Non-English,Thriller/Horror
The App,Science Fiction/Drama,2019-12-26,79,2.6,Italian,2019.0,2010.0,Low,Non-English,Drama/Romance
The Open House,Horror Thriller,2018-01-19,94,3.2,English,2018.0,2010.0,Low,English,Thriller/Horror
Kaali Khuhi,Mystery,2020-10-30,90,3.4,Hindi,2020.0,2020.0,Low,Non-English,Other
Leyla Everlasting,Comedy,2020-12-04,112,3.7,Turkish,2020.0,2020.0,Low,Non-English,Comedy
Paradox,Musical/Western/Fantasy,2018-03-23,73,3.9,English,2018.0,2010.0,Low,English,Other
Sardar Ka Grandson,Comedy,2021-05-18,139,4.1,Hindi,2021.0,2020.0,Average,Non-English,Comedy
Searching for Sheela,Documentary,2021-04-22,58,4.1,English,2021.0,2020.0,Average,English,Documentary
The Call,Drama,2020-11-27,112,4.1,Korean,2020.0,2020.0,Average,Non-English,Drama/Romance
Whipped,Romantic Comedy,2020-09-18,97,4.1,Indonesian,2020.0,2020.0,Average,Non-English,Comedy
All Because of You,Action Comedy,2020-10-01,101,4.2,Malay,2020.0,2020.0,Average,Non-English,Comedy
Mercy,Thriller,2016-11-22,90,4.2,English,2016.0,2010.0,Average,English,Thriller/Horror
The Last Thing He Wanted,Political Thriller,2020-02-21,115,4.3,English,2020.0,2020.0,Average,English,Thriller/Horror
What Happened to Mr. Cha?,Comedy,2021-01-01,102,4.3,Korean,2021.0,2020.0,Average,Non-English,Comedy
Death Note,Horror Thriller,2017-08-25,100,4.4,English,2017.0,2010.0,Average,English,Thriller/Horror
"Hello Privilege. It's Me, Chelsea",Documentary,2019-09-13,64,4.4,English,2019.0,2010.0,Average,English,Documentary
Secret Obsession,Thriller,2019-07-18,97,4.4,English,2019.0,2010.0,Average,English,Thriller/Horror
Sextuplets,Comedy,2019-08-16,99,4.4,English,2019.0,2010.0,Average,English,Comedy
The Girl on the Train,Thriller,2021-02-26,120,4.4,Hindi,2021.0,2020.0,Average,Non-English,Thriller/Horror
Thunder Force,Superhero-Comedy,2021-04-09,105,4.4,English,2021.0,2020.0,Average,English,Comedy
Fatal Affair,Thriller,2020-07-16,89,4.5,English,2020.0,2020.0,Average,English,Thriller/Horror
Just Say Yes,Romantic Comedy,2021-04-02,97,4.5,Dutch,2021.0,2020.0,Average,Non-English,Comedy
Seriously Single,Comedy,2020-07-31,107,4.5,English,2020.0,2020.0,Average,English,Comedy
The Misadventures of Hedi and Cokeman,Comedy,2021-02-10,99,4.5,French,2021.0,2020.0,Average,Non-English,Comedy
5 Star Christmas,Comedy,2018-12-07,95,4.6,Italian,2018.0,2010.0,Average,Non-English,Comedy
I Am the Pretty Thing That Lives in the House,Horror,2016-10-28,89,4.6,English,2016.0,2010.0,Average,English,Thriller/Horror
Paris Is Us,Romance Drama,2019-02-22,83,4.6,French,2019.0,2010.0,Average,Non-English,Drama/Romance
Rattlesnake,Horror,2019-10-25,85,4.6,English,2019.0,2010.0,Average,English,Thriller/Horror
The Players,Comedy,2020-07-15,88,4.6,Italian,2020.0,2020.0,Average,Non-English,Comedy
We Are One,Documentary,2020-07-14,86,4.6,French,2020.0,2020.0,Average,Non-English,Documentary
Finding Agnes,Drama,2020-11-30,105,4.7,Filipino,2020.0,2020.0,Average,Non-English,Drama/Romance
IO,Science Fiction/Drama,2019-01-18,95,4.7,English,2019.0,2010.0,Average,English,Drama/Romance
Sentinelle,Action,2021-03-05,80,4.7,French,2021.0,2020.0,Average,Non-English,Action/Adventure
The Binding,Drama,2020-10-02,93,4.7,Italian,2020.0,2020.0,Average,Non-English,Drama/Romance
We Can Be Heroes,Superhero,2020-12-25,100,4.7,English,2020.0,2020.0,Average,English,Other
Christmas Crossfire,Thriller,2020-12-04,106,4.8,German,2020.0,2020.0,Average,Non-English,Thriller/Horror
Coin Heist,Heist,2017-01-06,97,4.8,English,2017.0,2010.0,Average,English,Other
Mrs. Serial Killer,Thriller,2020-05-01,106,4.8,Hindi,2020.0,2020.0,Average,Non-English,Thriller/Horror
Nobody Sleeps in the Woods Tonight,Horror,2020-10-28,103,4.8,Polish,2020.0,2020.0,Average,Non-English,Thriller/Horror
Take the 10,Comedy,2017-01-20,80,4.8,English,2017.0,2010.0,Average,English,Comedy
The Main Event,Comedy,2020-04-10,101,4.8,English,2020.0,2020.0,Average,English,Comedy
The Ridiculous 6,Western,2015-12-11,119,4.8,English,2015.0,2010.0,Average,English,Other
Earth and Blood,Action,2020-04-17,80,4.9,French,2020.0,2020.0,Average,Non-English,Action/Adventure
Fearless,Animation/Superhero,2020-08-14,89,4.9,English,2020.0,2020.0,Average,English,Other
Holiday Rush,Family Film,2019-11-28,94,4.9,English,2019.0,2010.0,Average,English,Other
The Day of the Lord,Drama,2020-10-30,93,4.9,Spanish,2020.0,2020.0,Average,Non-English,Drama/Romance
Airplane Mode,Comedy,2020-01-23,96,5.0,Portuguese,2020.0,2020.0,Average,Non-English,Comedy
How It Ends,Action-Thriller,2018-07-13,113,5.0,English,2018.0,2010.0,Average,English,Thriller/Horror
Love Like the Falling Rain,Drama,2020-10-15,86,5.0,Indonesian,2020.0,2020.0,Average,Non-English,Drama/Romance
Rebirth,Thriller,2016-07-15,100,5.0,English,2016.0,2010.0,Average,English,Thriller/Horror
Squared Love,Romantic Comedy,2021-02-11,102,5.0,Polish,2021.0,2020.0,Average,Non-English,Comedy
Cadaver,Horror,2020-10-22,86,5.1,Norwegian,2020.0,2020.0,Average,Non-English,Thriller/Horror
Clinical,Thriller,2017-01-13,104,5.1,English,2017.0,2010.0,Average,English,Thriller/Horror
Coffee & Kareem,Action Comedy,2020-04-03,88,5.1,English,2020.0,2020.0,Average,English,Comedy
Dude,Teen Comedy-Drama,2018-04-20,97,5.1,English,2018.0,2010.0,Average,English,Drama/Romance
Geez & Ann,Romantic Drama,2021-02-25,105,5.1,Indonesian,2021.0,2020.0,Average,Non-English,Drama/Romance
The Larva Island Movie,Animation,2020-07-23,90,5.1,English,2020.0,2020.0,Average,English,Other
#REALITYHIGH,Comedy,2017-09-08,99,5.2,English,2017.0,2010.0,Average,English,Comedy
Desperados,Romantic Comedy,2020-07-03,106,5.2,English,2020.0,2020.0,Average,English,Comedy
Dolly Parton's Christmas on the Square,Christmas Musical,2020-11-22,98,5.2,English,2020.0,2020.0,Average,English,Other
Father of the Year,Comedy,2018-07-20,94,5.2,English,2018.0,2010.0,Average,English,Comedy
Firebrand,Drama,2019-02-22,112,5.2,Marathi,2019.0,2010.0,Average,Non-English,Drama/Romance
Ghost Lab,Horror,2021-05-26,117,5.2,Thai,2021.0,2020.0,Average,Non-English,Thriller/Horror
Girlfriend's Day,Comedy,2017-02-14,70,5.2,English,2017.0,2010.0,Average,English,Comedy
Handsome: A Netflix Mystery Movie,Comedy,2017-05-05,81,5.2,English,2017.0,2010.0,Average,English,Comedy
Hubie Halloween,Comedy,2020-10-07,103,5.2,English,2020.0,2020.0,Average,English,Comedy
Ibiza,Comedy,2018-05-25,94,5.2,English,2018.0,2010.0,Average,English,Comedy
Rim of the World,Science Fiction Adventure,2019-05-24,98,5.2,English,2019.0,2010.0,Average,English,Action/Adventure
Sandy Wexler,Comedy,2017-04-14,131,5.2,English,2017.0,2010.0,Average,English,Comedy
See You Yesterday,Science Fiction,2019-05-17,87,5.2,English,2019.0,2010.0,Average,English,Other
Still Laugh-In: The Stars Celebrate,Variety Show,2019-05-14,60,5.2,English,2019.0,2010.0,Average,English,Other
"Strip Down, Rise Up",Documentary,2021-02-05,112,5.2,English,2021.0,2020.0,Average,English,Documentary
Tall Girl,Comedy-Drama,2019-09-13,102,5.2,English,2019.0,2010.0,Average,English,Drama/Romance
The Beast,Drama,2020-11-27,99,5.2,Italian,2020.0,2020.0,Average,Non-English,Drama/Romance
The Week Of,Comedy,2018-04-27,116,5.2,English,2018.0,2010.0,Average,English,Comedy
A Christmas Prince: The Royal Wedding,Romantic Comedy,2018-11-30,92,5.3,English,2018.0,2010.0,Average,English,Comedy
Back to School,Comedy,2019-08-30,83,5.3,French,2019.0,2010.0,Average,Non-English,Comedy
Dangerous Lies,Thriller,2020-04-30,97,5.3,English,2020.0,2020.0,Average,English,Thriller/Horror
Gunjan Saxena: The Kargil Girl,Drama,2020-08-12,112,5.3,Hindi,2020.0,2020.0,Average,Non-English,Drama/Romance
Intuition,Thriller,2020-05-28,116,5.3,Spanish,2020.0,2020.0,Average,Non-English,Thriller/Horror
The Most Assassinated Woman in the World,Thriller,2018-09-07,102,5.3,French,2018.0,2010.0,Average,Non-English,Thriller/Horror
Things Heard & Seen,Horror,2021-04-29,121,5.3,English,2021.0,2020.0,Average,English,Thriller/Horror
"To Each, Her Own",Romantic Comedy,2018-06-24,95,5.3,French,2018.0,2010.0,Average,Non-English,Comedy
Who Would You Take to a Deserted Island?,Drama,2019-04-12,93,5.3,Spanish,2019.0,2010.0,Average,Non-English,Drama/Romance
XOXO,Drama,2016-08-26,92,5.3,English,2016.0,2010.0,Average,English,Drama/Romance
A Babysitter's Guide to Monster Hunting,Comedy/Fantasy/Family,2020-10-15,98,5.4,English,2020.0,2020.0,Average,English,Comedy
A Christmas Prince: The Royal Baby,Romantic Comedy,2019-12-05,85,5.4,English,2019.0,2010.0,Average,English,Comedy
Despite Everything,Comedy,2019-05-03,78,5.4,Spanish,2019.0,2010.0,Average,Non-English,Comedy
Dolly Kitty and Those Twinkling Stars,Drama,2020-09-18,120,5.4,Hindi,2020.0,2020.0,Average,Non-English,Drama/Romance
Freaks: You're One of Us,Supernatural Drama,2020-09-02,92,5.4,German,2020.0,2020.0,Average,Non-English,Drama/Romance
"Game Over, Man!",Action/Comedy,2018-03-23,101,5.4,English,2018.0,2010.0,Average,English,Comedy
Guilty,Thriller,2020-03-06,119,5.4,Hindi,2020.0,2020.0,Average,Non-English,Thriller/Horror
In the Tall Grass,Horror,2019-10-04,101,5.4,English,2019.0,2010.0,Average,English,Thriller/Horror
Madame Claude,Drama,2021-04-02,112,5.4,French,2021.0,2020.0,Average,Non-English,Drama/Romance
Naked,Comedy,2017-08-11,96,5.4,English,2017.0,2010.0,Average,English,Comedy
Outside the Wire,Action/Science Fiction,2021-01-15,114,5.4,English,2021.0,2020.0,Average,English,Action/Adventure
The Princess Switch: Switched Again,Romantic Comedy,2020-11-19,97,5.4,English,2020.0,2020.0,Average,English,Comedy
Under the Riccione Sun,Romantic Teenage Drama,2020-07-01,101,5.4,Italian,2020.0,2020.0,Average,Non-English,Drama/Romance
A Very Murray Christmas,Comedy / Musical,2015-12-04,56,5.5,English,2015.0,2010.0,Average,English,Comedy
Been So Long,Musical,2018-10-26,100,5.5,English,2018.0,2010.0,Average,English,Other
Dead Kids,Thriller,2019-12-01,94,5.5,Filipino,2019.0,2010.0,Average,Non-English,Thriller/Horror
Get the Grift,Comedy,2021-04-28,94,5.5,Portuguese,2021.0,2020.0,Average,Non-English,Comedy
House Arrest,Comedy,2019-11-15,104,5.5,Hindi,2019.0,2010.0,Average,Non-English,Comedy
Kevin Hart's Guide to Black History,Variety Show,2019-02-08,63,5.5,English,2019.0,2010.0,Average,English,Other
Love Wedding Repeat,Romantic Comedy,2020-04-10,100,5.5,English,2020.0,2020.0,Average,English,Comedy
Mute,Science Fiction/Mystery,2018-02-23,126,5.5,English,2018.0,2010.0,Average,English,Other
Òlòt?ré,Crime Drama,2020-10-02,106,5.5,English,2020.0,2020.0,Average,English,Drama/Romance
Red Dot,Thriller,2021-02-11,86,5.5,Swedish,2021.0,2020.0,Average,Non-English,Thriller/Horror
Step Sisters,Comedy,2018-01-19,108,5.5,English,2018.0,2010.0,Average,English,Comedy
The Cloverfield Paradox,Science Fiction,2018-02-04,102,5.5,English,2018.0,2010.0,Average,English,Other
The Knight Before Christmas,Romantic Comedy,2019-11-21,92,5.5,English,2019.0,2010.0,Average,English,Comedy
The Legacy of a Whitetail Deer Hunter,Adventure/Comedy,2018-07-06,83,5.5,English,2018.0,2010.0,Average,English,Comedy
The Package,Black Comedy,2018-08-10,94,5.5,English,2018.0,2010.0,Average,English,Comedy
Unicorn Store,Comedy,2019-04-05,92,5.5,English,2019.0,2010.0,Average,English,Comedy
Wine Country,Comedy,2019-05-10,103,5.5,English,2019.0,2010.0,Average,English,Comedy
Bomb Scared,Black Comedy,2017-10-12,89,5.6,Spanish/Basque,2017.0,2010.0,Average,Non-English,Comedy
Brahman Naman,Comedy,2016-07-07,95,5.6,English,2016.0,2010.0,Average,English,Comedy
Double Dad,Comedy-Drama,2021-01-15,103,5.6,Portuguese,2021.0,2020.0,Average,Non-English,Drama/Romance
Falling Inn Love,Romantic Comedy,2019-08-29,97,5.6,English,2019.0,2010.0,Average,English,Comedy
Hold the Dark,Thriller,2018-09-28,125,5.6,English,2018.0,2010.0,Average,English,Thriller/Horror
"Love, Guaranteed",Romantic Comedy,2020-09-03,91,5.6,English,2020.0,2020.0,Average,English,Comedy
One-Way to Tomorrow,Romance,2020-06-19,90,5.6,Turkish,2020.0,2020.0,Average,Non-English,Drama/Romance
The Last Laugh,Comedy-Drama,2019-01-11,98,5.6,English,2019.0,2010.0,Average,English,Drama/Romance
The Last Paradiso,Romantic Drama,2021-02-05,107,5.6,Italian,2021.0,2020.0,Average,Non-English,Drama/Romance
The Midnight Sky,Science Fiction,2020-12-23,118,5.6,English,2020.0,2020.0,Average,English,Other
The Paramedic,Thriller,2020-09-16,94,5.6,Spanish,2020.0,2020.0,Average,Non-English,Thriller/Horror
The Sleepover,Comedy,2020-08-21,103,5.6,English,2020.0,2020.0,Average,English,Comedy
Vampires vs. the Bronx,Horror Comedy,2020-10-02,86,5.6,English,2020.0,2020.0,Average,English,Thriller/Horror
Why Did You Kill Me?,Documentary,2021-04-14,83,5.6,English,2021.0,2020.0,Average,English,Documentary
A Week Away,Christian Musical,2021-03-26,97,5.7,English,2021.0,2020.0,Average,English,Other
Caught by a Wave,Romantic Teen Drama,2021-03-25,99,5.7,Italian,2021.0,2020.0,Average,Non-English,Drama/Romance
Christmas Inheritance,Romantic Drama,2017-12-15,104,5.7,English,2017.0,2010.0,Average,English,Drama/Romance
Dad Wanted,Family,2020-09-11,102,5.7,Spanish,2020.0,2020.0,Average,Non-English,Other
El Camino Christmas,Dark Comedy,2017-12-08,89,5.7,English,2017.0,2010.0,Average,English,Comedy
Eli,Horror,2019-10-18,98,5.7,English,2019.0,2010.0,Average,English,Thriller/Horror
Ginny Weds Sunny,Romantic Comedy,2020-10-09,125,5.7,Hindi,2020.0,2020.0,Average,Non-English,Comedy
Good Sam,Drama,2019-05-16,89,5.7,English,2019.0,2010.0,Average,English,Drama/Romance
Lionheart,Comedy,2019-01-04,94,5.7,English,2019.0,2010.0,Average,English,Comedy
Little Evil,Comedy Horror,2017-09-01,94,5.7,English,2017.0,2010.0,Average,English,Thriller/Horror
One Take,Documentary,2020-06-18,85,5.7,Thai,2020.0,2020.0,Average,Non-English,Documentary
Point Blank,Action,2019-07-12,86,5.7,English,2019.0,2010.0,Average,English,Action/Adventure
Prime Time,Thriller,2021-04-14,91,5.7,Polish,2021.0,2020.0,Average,Non-English,Thriller/Horror
The Do-Over,Action Comedy,2016-05-27,108,5.7,English,2016.0,2010.0,Average,English,Comedy
The Holiday Calendar,Romantic Comedy,2018-11-02,95,5.7,English,2018.0,2010.0,Average,English,Comedy
The Woman in the Window,Psychological Thriller,2021-05-14,100,5.7,English,2021.0,2020.0,Average,English,Thriller/Horror
The Wrong Missy,Comedy,2020-05-13,90,5.7,English,2020.0,2020.0,Average,English,Comedy
Velvet Buzzsaw,Thriller,2019-02-01,112,5.7,English,2019.0,2010.0,Average,English,Thriller/Horror
Yes Day,Comedy,2021-03-12,86,5.7,English,2021.0,2020.0,Average,English,Comedy
15 August,Comedy-Drama,2019-03-29,124,5.8,Marathi,2019.0,2010.0,Average,Non-English,Drama/Romance
A California Christmas,Romantic Comedy,2020-12-14,107,5.8,English,2020.0,2020.0,Average,English,Comedy
A Christmas Prince,Romantic Comedy,2017-11-17,92,5.8,English,2017.0,2010.0,Average,English,Comedy
All Day and a Night,Drama,2020-05-01,121,5.8,English,2020.0,2020.0,Average,English,Drama/Romance
American Son,Drama,2019-11-01,90,5.8,English,2019.0,2010.0,Average,English,Drama/Romance
Barry,Biopic,2016-12-16,104,5.8,English,2016.0,2010.0,Average,English,Other
Candy Jar,Comedy,2018-04-27,92,5.8,English,2018.0,2010.0,Average,English,Comedy
Choked: Paisa Bolta Hai,Drama,2020-06-05,114,5.8,Hindi,2020.0,2020.0,Average,Non-English,Drama/Romance
Class of '83,Drama,2020-08-21,98,5.8,Hindi,2020.0,2020.0,Average,Non-English,Drama/Romance
Extinction,Science Fiction/Thriller,2018-07-27,95,5.8,English,2018.0,2010.0,Average,English,Thriller/Horror
Happy Anniversary,Romantic Comedy,2018-03-30,78,5.8,English,2018.0,2010.0,Average,English,Comedy
I Am All Girls,Thriller,2021-05-14,107,5.8,English,2021.0,2020.0,Average,English,Thriller/Horror
Let It Snow,Romantic Comedy,2019-11-08,92,5.8,English,2019.0,2010.0,Average,English,Comedy
Mascots,Mockumentary,2016-10-13,95,5.8,English,2016.0,2010.0,Average,English,Other
Operation Christmas Drop,Romantic Comedy,2020-11-05,96,5.8,English,2020.0,2020.0,Average,English,Comedy
Rajma Chawal,Comedy-Drama,2018-11-30,118,5.8,Hindi,2018.0,2010.0,Average,Non-English,Drama/Romance
Rich in Love,Romantic Comedy,2020-04-30,105,5.8,Portuguese,2020.0,2020.0,Average,Non-English,Comedy
Rising High,Satire,2020-04-17,94,5.8,German,2020.0,2020.0,Average,Non-English,Other
Sierra Burgess Is a Loser,Romantic Comedy-Drama,2018-09-07,105,5.8,English,2018.0,2010.0,Average,English,Drama/Romance
Small Crimes,Dark Comedy,2017-04-28,95,5.8,English,2017.0,2010.0,Average,English,Comedy
Special Correspondents,Satire,2016-04-29,100,5.8,English,2016.0,2010.0,Average,English,Other
TAU,Science Fiction/Thriller,2018-06-29,97,5.8,English,2018.0,2010.0,Average,English,Thriller/Horror
The After Party,Comedy,2018-08-24,89,5.8,English,2018.0,2010.0,Average,English,Comedy
The Babysitter: Killer Queen,Comedy/Horror,2020-09-10,102,5.8,English,2020.0,2020.0,Average,English,Thriller/Horror
The Claus Family,Fantasy,2020-12-07,96,5.8,Dutch,2020.0,2020.0,Average,Non-English,Other
The Kissing Booth 2,Romantic Comedy,2020-07-24,131,5.8,English,2020.0,2020.0,Average,English,Comedy
The Perfect Date,Romantic Comedy,2019-04-12,89,5.8,English,2019.0,2010.0,Average,English,Comedy
What We Wanted,Drama,2020-11-11,93,5.8,German,2020.0,2020.0,Average,Non-English,Drama/Romance
You've Got This,Romantic Comedy,2020-10-02,111,5.8,Spanish,2020.0,2020.0,Average,Non-English,Comedy
6 Balloons,Drama,2018-04-06,75,5.9,English,2018.0,2010.0,Average,English,Drama/Romance
A Fall from Grace,Thriller,2020-01-17,120,5.9,English,2020.0,2020.0,Average,English,Thriller/Horror
Amateur,Sports-Drama,2018-04-06,96,5.9,English,2018.0,2010.0,Average,English,Drama/Romance
Cam,Psychological Horror,2018-11-16,94,5.9,English,2018.0,2010.0,Average,English,Thriller/Horror
Earthquake Bird,Mystery,2019-11-15,107,5.9,English,2019.0,2010.0,Average,English,Other
Horse Girl,Drama,2020-02-07,104,5.9,English,2020.0,2020.0,Average,English,Drama/Romance
Maska,Romantic Comedy,2020-03-27,111,5.9,Hindi,2020.0,2020.0,Average,Non-English,Comedy
The Decline,Thriller,2020-03-27,83,5.9,French,2020.0,2020.0,Average,Non-English,Thriller/Horror
The Minimalists: Less Is Now,Documentary,2021-01-01,53,5.9,English,2021.0,2020.0,Average,English,Documentary
The Polka King,Comedy-Drama,2018-01-12,95,5.9,English,2018.0,2010.0,Average,English,Drama/Romance
The Prom,Musical,2020-12-11,132,5.9,English,2020.0,2020.0,Average,English,Other
True Memoirs of an International Assassin,Action Comedy,2016-11-11,98,5.9,English,2016.0,2010.0,Average,English,Comedy
Ultras,Sports Film,2020-03-20,108,5.9,Italian,2020.0,2020.0,Average,Non-English,Other
Come Sunday,Biopic,2018-04-13,106,6.0,English,2018.0,2010.0,Average,English,Other
Forgive Us Our Debts,Drama,2018-05-04,104,6.0,Italian,2018.0,2010.0,Average,Non-English,Drama/Romance
iBoy,Science Fiction/Thriller,2017-01-27,90,6.0,English,2017.0,2010.0,Average,English,Thriller/Horror
Lovefucked,Drama,2019-08-09,106,6.0,Hindi,2019.0,2010.0,Average,Non-English,Drama/Romance
Juanita,Drama,2019-03-08,90,6.0,English,2019.0,2010.0,Average,English,Drama/Romance
Murder Mystery,Comedy Mystery,2019-06-14,97,6.0,English,2019.0,2010.0,Average,English,Comedy
Project Power,Superhero,2020-08-14,113,6.0,English,2020.0,2020.0,Average,English,Other
Rebecca,Romantic Thriller,2020-10-21,123,6.0,English,2020.0,2020.0,Average,English,Thriller/Horror
The Christmas Chronicles: Part Two,Christmas Comedy,2020-11-25,115,6.0,English,2020.0,2020.0,Average,English,Comedy
The Kissing Booth,Romantic Comedy,2018-05-11,105,6.0,English,2018.0,2010.0,Average,English,Comedy
The Princess Switch,Romantic Comedy,2018-11-16,101,6.0,English,2018.0,2010.0,Average,English,Comedy
To All the Boys: P.S. I Still Love You,Romantic Comedy,2020-02-12,102,6.0,English,2020.0,2020.0,Average,English,Comedy
War Machine,War-Comedy,2017-05-26,122,6.0,English,2017.0,2010.0,Average,English,Comedy
6 Underground,Action,2019-12-13,128,6.1,English,2019.0,2010.0,Average,English,Action/Adventure
Between Two Ferns: The Movie,Comedy,2019-09-20,82,6.1,English,2019.0,2010.0,Average,English,Comedy
Burning Sands,Drama,2017-03-10,102,6.1,English,2017.0,2010.0,Average,English,Drama/Romance
Casting JonBenet,Documentary,2017-04-28,80,6.1,English,2017.0,2010.0,Average,English,Documentary
Deidra & Laney Rob a Train,Drama,2017-03-17,94,6.1,English,2017.0,2010.0,Average,English,Drama/Romance
Finding 'Ohana,Family,2021-01-29,123,6.1,English,2021.0,2020.0,Average,English,Other
Holidate,Romantic Comedy/Holiday,2020-10-28,104,6.1,English,2020.0,2020.0,Average,English,Comedy
Holiday in the Wild,Adventure-Romance,2019-11-01,85,6.1,English,2019.0,2010.0,Average,English,Drama/Romance
Hot Girls Wanted,Documentary,2015-05-29,84,6.1,English,2015.0,2010.0,Average,English,Documentary
Like Father,Comedy,2018-08-03,103,6.1,English,2018.0,2010.0,Average,English,Comedy
Lost Girls,Crime Drama,2020-03-13,95,6.1,English,2020.0,2020.0,Average,English,Drama/Romance
Otherhood,Comedy,2019-08-02,100,6.1,English,2019.0,2010.0,Average,English,Comedy
Pee-wee's Big Holiday,Adventure,2016-03-18,89,6.1,English,2016.0,2010.0,Average,English,Action/Adventure
Rogue City,Crime Drama,2020-10-30,116,6.1,French,2020.0,2020.0,Average,Non-English,Drama/Romance
Sergio,Biopic,2020-04-17,118,6.1,English,2020.0,2020.0,Average,English,Other
Stuck Apart,Drama,2021-01-08,96,6.1,Turkish,2021.0,2020.0,Average,Non-English,Drama/Romance
Tersanjung the Movie,Drama,2021-04-01,114,6.1,Indonesian,2021.0,2020.0,Average,Non-English,Drama/Romance
The Killer,Western,2017-11-10,99,6.1,Portuguese,2017.0,2010.0,Average,Non-English,Other
The Lovebirds,Romantic Comedy,2020-05-22,87,6.1,English,2020.0,2020.0,Average,English,Comedy
The Most Hated Woman in America,Biopic,2017-03-24,92,6.1,English,2017.0,2010.0,Average,English,Other
The Perfection,Horror-Thriller,2019-05-24,90,6.1,English,2019.0,2010.0,Average,English,Thriller/Horror
Tribhanga  Tedhi Medhi Crazy,Drama,2021-01-15,95,6.1,Hindi,2021.0,2020.0,Average,Non-English,Drama/Romance
Unknown Origins,Thriller,2020-08-28,96,6.1,Spanish,2020.0,2020.0,Average,Non-English,Thriller/Horror
Work It,Dance Comedy,2020-08-07,93,6.1,English,2020.0,2020.0,Average,English,Comedy
Baggio: The Divine Ponytail,Biopic,2021-05-26,92,6.2,Italian,2021.0,2020.0,Average,Non-English,Other
Below Zero,Drama,2021-01-29,106,6.2,Spanish,2021.0,2020.0,Average,Non-English,Drama/Romance
Crazy Awesome Teachers,Comedy-Drama,2020-08-17,101,6.2,Indonesian,2020.0,2020.0,Average,Non-English,Drama/Romance
Have You Ever Seen Fireflies?,Comedy,2021-04-09,114,6.2,Turkish,2021.0,2020.0,Average,Non-English,Comedy
High Flying Bird,Sports-Drama,2019-02-08,90,6.2,English,2019.0,2010.0,Average,English,Drama/Romance
In the Shadow of the Moon,Thriller,2019-09-27,115,6.2,English,2019.0,2010.0,Average,English,Thriller/Horror
Lost Bullet,Thriller,2020-06-19,92,6.2,French,2020.0,2020.0,Average,Non-English,Thriller/Horror
Octonauts & the Caves of Sac Actun,Animation,2020-08-14,72,6.2,English,2020.0,2020.0,Average,English,Other
Offering to the Storm,Thriller,2020-07-24,139,6.2,Spanish,2020.0,2020.0,Average,Non-English,Thriller/Horror
Roxanne Roxanne,Biopic,2018-03-23,98,6.2,English,2018.0,2010.0,Average,English,Other
Someone Great,Romantic Comedy,2019-04-19,92,6.2,English,2019.0,2010.0,Average,English,Comedy
Spenser Confidential,Action Comedy,2020-03-06,111,6.2,English,2020.0,2020.0,Average,English,Comedy
The Land of Steady Habits,Drama,2018-09-14,98,6.2,English,2018.0,2010.0,Average,English,Drama/Romance
The Rachel Divide,Documentary,2018-04-27,104,6.2,English,2018.0,2010.0,Average,English,Documentary
Voyuer ,Documentary,2017-12-01,95,6.2,English,2017.0,2010.0,Average,English,Documentary
Win It All,Comedy,2017-04-07,88,6.2,English,2017.0,2010.0,Average,English,Comedy
1922,Horror/Crime Drama,2017-10-20,102,6.3,English,2017.0,2010.0,Average,English,Drama/Romance
Alex Strangelove,Romantic Comedy,2018-06-08,99,6.3,English,2018.0,2010.0,Average,English,Comedy
Apostle,Horror-Thriller,2018-10-12,129,6.3,English,2018.0,2010.0,Average,English,Thriller/Horror
Benji,Family Film,2018-03-16,87,6.3,English,2018.0,2010.0,Average,English,Other
Bright,Urban Fantasy,2017-12-22,117,6.3,English,2017.0,2010.0,Average,English,Other
Cargo,Drama/Horror,2018-05-18,104,6.3,English,2018.0,2010.0,Average,English,Drama/Romance
Concrete Cowboy,Drama,2021-04-02,111,6.3,English,2021.0,2020.0,Average,English,Drama/Romance
Feel the Beat,Family/Comedy-Drama,2020-06-19,107,6.3,English,2020.0,2020.0,Average,English,Drama/Romance
Get the Goat,Comedy,2021-03-18,97,6.3,Portuguese,2021.0,2020.0,Average,Non-English,Comedy
I Am Not an Easy Man,Romantic Comedy,2018-04-13,98,6.3,French,2018.0,2010.0,Average,Non-English,Comedy
June & Kopi,Drama,2021-01-28,90,6.3,Indonesian,2021.0,2020.0,Average,Non-English,Drama/Romance
Music Teacher,Drama,2019-04-19,101,6.3,Hindi,2019.0,2010.0,Average,Non-English,Drama/Romance
Nail Bomber: Manhunt,Documentary,2021-05-26,72,6.3,English,2021.0,2020.0,Average,English,Documentary
Notes for My Son,Drama,2020-11-24,83,6.3,Spanish,2020.0,2020.0,Average,Non-English,Drama/Romance
Polar,Action,2019-01-25,118,6.3,English,2019.0,2010.0,Average,English,Action/Adventure
Sand Castle,War,2017-04-21,113,6.3,English,2017.0,2010.0,Average,English,Other
Shimmer Lake,Crime Thriller,2017-06-09,86,6.3,English,2017.0,2010.0,Average,English,Thriller/Horror
Spectral,Science Fiction/Action,2016-12-09,108,6.3,English,2016.0,2010.0,Average,English,Action/Adventure
The Babysitter,Teen Comedy Horror,2017-10-13,85,6.3,English,2017.0,2010.0,Average,English,Thriller/Horror
The Discovery,Science Fiction/Drama,2017-03-31,102,6.3,English,2017.0,2010.0,Average,English,Drama/Romance
The Laundromat,Comedy-Drama,2019-10-18,98,6.3,English,2019.0,2010.0,Average,English,Drama/Romance
The Legend of Cocaine Island,Documentary,2019-03-29,87,6.3,English,2019.0,2010.0,Average,English,Documentary
The Outsider,Crime Drama,2018-03-09,120,6.3,English/Japanese,2018.0,2010.0,Average,English,Drama/Romance
Time to Hunt,Thriller,2020-04-23,134,6.3,Korean,2020.0,2020.0,Average,Non-English,Thriller/Horror
To All the Boys: Always and Forever,Romantic Comedy,2021-02-12,109,6.3,English,2021.0,2020.0,Average,English,Comedy
Travis Scott: Look Mom I Can Fly,Documentary,2019-08-28,85,6.3,English,2019.0,2010.0,Average,English,Documentary
Uncorked,Drama,2020-03-27,103,6.3,English,2020.0,2020.0,Average,English,Drama/Romance
Anelka: Misunderstood,Documentary,2020-08-05,94,6.4,French,2020.0,2020.0,Average,Non-English,Documentary
"Ariana Grande: Excuse Me, I Love You",Concert Film,2020-12-21,97,6.4,English,2020.0,2020.0,Average,English,Other
ARQ,Science Fiction/Thriller,2016-09-16,88,6.4,English,2016.0,2010.0,Average,English,Thriller/Horror
Como Caído del Cielo,Musical Comedy,2019-12-24,112,6.4,Spanish,2019.0,2010.0,Average,Non-English,Comedy
First Match,Sports-Drama,2018-03-30,102,6.4,English,2018.0,2010.0,Average,English,Drama/Romance
Fractured,Thriller,2019-10-11,100,6.4,English,2019.0,2010.0,Average,English,Thriller/Horror
Irreplaceable You,Drama,2018-02-16,96,6.4,English,2018.0,2010.0,Average,English,Drama/Romance
Isi & Ossi,Romantic Comedy,2020-02-14,113,6.4,German,2020.0,2020.0,Average,Non-English,Comedy
Layla Majnun,Romantic Drama,2021-02-11,119,6.4,Indonesian,2021.0,2020.0,Average,Non-English,Drama/Romance
Murder to Mercy: The Cyntoia Brown Story,Documentary,2020-04-29,97,6.4,English,2020.0,2020.0,Average,English,Documentary
My Own Man,Documentary,2014-12-13,81,6.4,English,2014.0,2010.0,Average,English,Documentary
Nappily Ever After,Comedy-Drama,2018-09-21,98,6.4,English,2018.0,2010.0,Average,English,Drama/Romance
Over the Moon,Animation/Musical/Adventure,2020-10-23,95,6.4,English,2020.0,2020.0,Average,English,Action/Adventure
Street Flow,Drama,2019-10-12,96,6.4,French,2019.0,2010.0,Average,Non-English,Drama/Romance
Strong Island,Documentary,,107,6.4,English,,,Average,English,Documentary
Take Your Pills,Documentary,2018-03-16,87,6.4,English,2018.0,2010.0,Average,English,Documentary
The Heartbreak Club,Comedy-Drama,2021-01-14,101,6.4,Indonesian,2021.0,2020.0,Average,Non-English,Drama/Romance
The Mars Generation,Documentary,2017-05-05,97,6.4,English,2017.0,2010.0,Average,English,Documentary
The Occupant,Thriller,2020-03-25,103,6.4,Spanish,2020.0,2020.0,Average,Non-English,Thriller/Horror
The Willoughbys,Animation/Comedy/Adventure,2020-04-22,90,6.4,English,2020.0,2020.0,Average,English,Comedy
Triple Frontier,Action-Thriller,2019-03-13,125,6.4,English,2019.0,2010.0,Average,English,Thriller/Horror
Two Catalonias,Documentary,2018-09-28,116,6.4,Spanish/Catalan,2018.0,2010.0,Average,Non-English,Documentary
Walk. Ride. Rodeo.,Drama,2019-03-08,99,6.4,English,2019.0,2010.0,Average,English,Drama/Romance
Wheelman,Action Thriller,2017-10-20,82,6.4,English,2017.0,2010.0,Average,English,Thriller/Horror
When We First Met,Romantic Comedy,2018-02-09,97,6.4,English,2018.0,2010.0,Average,English,Comedy
All the Bright Places,Romance,2020-02-28,108,6.5,English,2020.0,2020.0,Average,English,Drama/Romance
All Together Now,Drama,2020-08-28,93,6.5,English,2020.0,2020.0,Average,English,Drama/Romance
Altered Carbon: Resleeved,Anime/Science Fiction,2020-03-19,74,6.5,Japanese,2020.0,2020.0,Average,Non-English,Other
Antoine Griezmann: The Making of a Legend,Documentary,2019-03-21,60,6.5,French,2019.0,2010.0,Average,Non-English,Documentary
Chopsticks,Comedy,2019-05-31,100,6.5,Hindi,2019.0,2010.0,Average,Non-English,Comedy
Dolly Parton: A MusiCares Tribute,Documentary,2021-04-07,55,6.5,English,2021.0,2020.0,Average,English,Documentary
Eurovision Song Contest: The Story of Fire Saga,Musical Comedy,2020-06-26,123,6.5,English,2020.0,2020.0,Average,English,Comedy
Gerald's Game,Horror Thriller,2017-09-29,103,6.5,English,2017.0,2010.0,Average,English,Thriller/Horror
His House,Thriller,2020-10-30,93,6.5,English,2020.0,2020.0,Average,English,Thriller/Horror
Jingle Jangle: A Christmas Journey,Family/Christmas Musical,2020-11-13,119,6.5,English,2020.0,2020.0,Average,English,Other
Lust Stories,Drama,2018-06-15,120,6.5,Hindi,2018.0,2010.0,Average,Non-English,Drama/Romance
Monster,Drama,2021-05-07,98,6.5,English,2021.0,2020.0,Average,English,Drama/Romance
Mowgli: Legend of the Jungle,Adventure,2018-12-07,104,6.5,English,2018.0,2010.0,Average,English,Action/Adventure
Nobody Knows I'm Here,Drama,2020-06-24,91,6.5,Spanish,2020.0,2020.0,Average,Non-English,Drama/Romance
Nobody Speak: Trials of the Free Press,Documentary,2017-06-23,95,6.5,English,2017.0,2010.0,Average,English,Documentary
Oxygen,Science Fiction Thriller,2021-05-12,101,6.5,French,2021.0,2020.0,Average,Non-English,Thriller/Horror
Set It Up,Romantic Comedy,2018-06-15,105,6.5,English,2018.0,2010.0,Average,English,Comedy
The Incredible Jessica James,Comedy,2017-07-28,83,6.5,English,2017.0,2010.0,Average,English,Comedy
Tigertail,Drama,2020-04-10,91,6.5,English/Taiwanese/Mandarin,2020.0,2020.0,Average,English,Drama/Romance
Tramps,Romance,2017-04-21,83,6.5,English,2017.0,2010.0,Average,English,Drama/Romance
Bad Trip,Hidden-Camera Prank Comedy,2021-03-26,86,6.6,English,2021.0,2020.0,Average,English,Comedy
Bird Box,Psychological Thriller,2018-12-21,124,6.6,English,2018.0,2010.0,Average,English,Thriller/Horror
Bulbbul,Horror,2020-06-24,94,6.6,Hindi,2020.0,2020.0,Average,Non-English,Thriller/Horror
Crazy About Her,Romantic Comedy,2021-02-26,102,6.6,Spanish,2021.0,2020.0,Average,Non-English,Comedy
Elisa & Marcela,Romance,2019-06-07,118,6.6,Spanish,2019.0,2010.0,Average,Non-English,Drama/Romance
I'll Sleep When I'm Dead,Documentary,2016-08-19,79,6.6,English,2016.0,2010.0,Average,English,Documentary
I'm Thinking of Ending Things,Psychological Thriller,2020-09-04,134,6.6,English,2020.0,2020.0,Average,English,Thriller/Horror
It Takes a Lunatic,Documentary,2019-10-25,126,6.6,English,2019.0,2010.0,Average,English,Documentary
Milestone,Drama,2021-05-07,98,6.6,Hindi,2021.0,2020.0,Average,Non-English,Drama/Romance
Recovery Boys,Documentary,2018-06-29,89,6.6,English,2018.0,2010.0,Average,English,Documentary
ReMastered: Who Killed Jam Master Jay?,Documentary,2018-12-07,58,6.6,English,2018.0,2010.0,Average,English,Documentary
Shawn Mendes: In Wonder,Documentary,2020-11-23,83,6.6,English,2020.0,2020.0,Average,English,Documentary
Space Sweepers,Science Fiction,2021-02-05,136,6.6,Korean,2021.0,2020.0,Average,Non-English,Other
The American Meme,Documentary,2018-12-07,98,6.6,English,2018.0,2010.0,Average,English,Documentary
The Angel,Spy Thriller,2018-09-14,114,6.6,English,2018.0,2010.0,Average,English,Thriller/Horror
The Crimes That Bind,Crime Drama,2020-08-20,99,6.6,Spanish,2020.0,2020.0,Average,Non-English,Drama/Romance
The Red Sea Diving Resort,Spy Thriller,2019-07-31,130,6.6,English,2019.0,2010.0,Average,English,Thriller/Horror
A Whisker Away,Anime/Fantasy,2020-06-18,104,6.7,Japanese,2020.0,2020.0,Average,Non-English,Other
Arlo the Alligator Boy,Animated Musical Comedy,2021-04-16,92,6.7,English,2021.0,2020.0,Average,English,Comedy
"Bikram: Yogi, Guru, Predator",Documentary,2019-11-20,86,6.7,English,2019.0,2010.0,Average,English,Documentary
Blame!,Anime/Science Fiction,2017-05-20,106,6.7,Japanese,2017.0,2010.0,Average,Non-English,Other
Blue Miracle,Drama,2021-05-27,95,6.7,English,2021.0,2020.0,Average,English,Drama/Romance
CounterPunch ,Documentary,2017-06-16,91,6.7,English,2017.0,2010.0,Average,English,Documentary
"Crack: Cocaine, Corruption & Conspiracy",Documentary,2021-01-11,89,6.7,English,2021.0,2020.0,Average,English,Documentary
Extraction,Action,2020-04-24,117,6.7,English,2020.0,2020.0,Average,English,Action/Adventure
Giving Voice,Documentary,2020-12-11,90,6.7,English,2020.0,2020.0,Average,English,Documentary
Hillbilly Elegy,Drama,2020-11-24,117,6.7,English,2020.0,2020.0,Average,English,Drama/Romance
Hope Frozen: A Quest to Live Twice,Documentary,2020-09-15,80,6.7,Thia/English,2020.0,2020.0,Average,English,Documentary
Imperial Dreams,Drama,2017-02-03,87,6.7,English,2017.0,2010.0,Average,English,Drama/Romance
Just Another Christmas,Comedy,2020-12-03,101,6.7,Portuguese,2020.0,2020.0,Average,Non-English,Comedy
Malcolm & Marie,Romantic Drama,2021-02-05,106,6.7,English,2021.0,2020.0,Average,English,Drama/Romance
"Michael Bolton's Big, Sexy, Valentine's Day Special",Variety Show,2017-02-07,54,6.7,English,2017.0,2010.0,Average,English,Other
Moxie,Drama,2021-03-03,111,6.7,English,2021.0,2020.0,Average,English,Drama/Romance
Night in Paradise,Drama,2021-04-09,132,6.7,Korean,2021.0,2020.0,Average,Non-English,Drama/Romance
Paper Lives,Drama,2021-03-12,97,6.7,Turkish,2021.0,2020.0,Average,Non-English,Drama/Romance
Parchis: The Documentary,Documentary,2019-07-10,106,6.7,Spanish,2019.0,2010.0,Average,Non-English,Documentary
Tallulah,Comedy-Drama,2016-07-29,111,6.7,English,2016.0,2010.0,Average,English,Drama/Romance
The Old Guard,Superhero/Action,2020-07-10,124,6.7,English,2020.0,2020.0,Average,English,Action/Adventure
Tony Robbins: I Am Not Your Guru,Documentary,,116,6.7,English,,,Average,English,Documentary
Upstarts,Drama,2019-10-18,112,6.7,Hindi,2019.0,2010.0,Average,Non-English,Drama/Romance
7 años,Drama,2016-10-28,76,6.8,Spanish,2016.0,2010.0,Average,Non-English,Drama/Romance
A Futile and Stupid Gesture,Biographical/Comedy,2018-01-26,101,6.8,English,2018.0,2010.0,Average,English,Comedy
A Life of Speed: The Juan Manuel Fangio Story,Documentary,2020-03-20,92,6.8,Spanish,2020.0,2020.0,Average,Non-English,Documentary
Always Be My Maybe,Romantic Comedy,2019-05-31,102,6.8,English,2019.0,2010.0,Average,English,Comedy
Becoming,Documentary,2020-05-06,89,6.8,English,2020.0,2020.0,Average,English,Documentary
Long Live Brij Mohan,Comedy,2018-08-03,105,6.8,Hindi,2018.0,2010.0,Average,Non-English,Comedy
Calibre,Thriller,2018-06-29,101,6.8,English,2018.0,2010.0,Average,English,Thriller/Horror
Death to 2020,Comedy,2020-12-27,70,6.8,English,2020.0,2020.0,Average,English,Comedy
GIMS: On the Record,Documentary,2020-09-17,96,6.8,French,2020.0,2020.0,Average,Non-English,Documentary
Have a Good Trip: Adventures in Psychedelics,Documentary,2020-05-11,85,6.8,English,2020.0,2020.0,Average,English,Documentary
Mercury 13,Documentary,2018-04-20,79,6.8,English,2018.0,2010.0,Average,English,Documentary
Saving Capitalism,Documentary,2017-11-21,73,6.8,English,2017.0,2010.0,Average,English,Documentary
Serious Men,Drama,2020-10-02,114,6.8,Hindi,2020.0,2020.0,Average,Non-English,Drama/Romance
The Boys in the Band,Drama,2020-09-30,121,6.8,English,2020.0,2020.0,Average,English,Drama/Romance
The Life Ahead,Drama,2020-11-13,95,6.8,Italian,2020.0,2020.0,Average,Non-English,Drama/Romance
The Other Side of the Wind,Drama,2018-11-02,122,6.8,English,2018.0,2010.0,Average,English,Drama/Romance
To the Bone,Drama,2017-07-14,107,6.8,English,2017.0,2010.0,Average,English,Drama/Romance
Tony Parker: The Final Shot,Documentary,2021-01-06,98,6.8,French,2021.0,2020.0,Average,Non-English,Documentary
AK vs AK,Thriller,2020-12-24,108,6.9,Hindi,2020.0,2020.0,Average,Non-English,Thriller/Horror
Amanda Knox,Documentary,2016-09-30,92,6.9,English,2016.0,2010.0,Average,English,Documentary
Bigflo & Oil: Hip Hop Frenzy,Documentary,2020-10-08,100,6.9,French,2020.0,2020.0,Average,Non-English,Documentary
Biggie: I Got a Story to Tell,Documentary,2021-03-01,97,6.9,English,2021.0,2020.0,Average,English,Documentary
I Don't Feel at Home in This World Anymore,Drama,2017-02-24,96,6.9,English,2017.0,2010.0,Average,English,Drama/Romance
Laerte-se,Documentary,2017-05-19,100,6.9,Portuguese,2017.0,2010.0,Average,Non-English,Documentary
Mank,Biopic,2020-12-04,132,6.9,English,2020.0,2020.0,Average,English,Other
Our Souls at Night,Romance,2017-09-29,103,6.9,English,2017.0,2010.0,Average,English,Drama/Romance
Outlaw King,Historical-Epic,2018-11-09,121,6.9,English,2018.0,2010.0,Average,English,Other
Pagglait,Comedy-Drama,2021-03-26,114,6.9,Hindi,2021.0,2020.0,Average,Non-English,Drama/Romance
ReMastered: Who Shot the Sheriff?,Documentary,2018-10-12,57,6.9,English,2018.0,2010.0,Average,English,Documentary
Seeing Allred,Documentary,2018-02-09,95,6.9,English,2018.0,2010.0,Average,English,Documentary
Spelling the Dream,Documentary,2020-06-03,83,6.9,English,2020.0,2020.0,Average,English,Documentary
The Half of It,Romance,2020-05-01,105,6.9,English,2020.0,2020.0,Average,English,Drama/Romance
The Highwaymen,Crime Drama,2019-03-29,131,6.9,English,2019.0,2010.0,Average,English,Drama/Romance
The Meyerowitz Stories (New and Selected),Comedy-Drama,2017-10-13,112,6.9,English,2017.0,2010.0,Average,English,Drama/Romance
Feminists: What Were They Thinking?,Documentary,2018-10-12,86,7.0,English,2018.0,2010.0,High,English,Documentary
Gaga: Five Foot Two,Documentary,2017-09-22,100,7.0,English,2017.0,2010.0,High,English,Documentary
Kingdom of Us,Documentary,2017-10-13,109,7.0,English,2017.0,2010.0,High,English,Documentary
Los Tigres del Norte at Folsom Prison,Documentary,2019-09-15,64,7.0,Spanish,2019.0,2010.0,High,Non-English,Documentary
Ma Rainey's Black Bottom,Drama,2020-12-18,94,7.0,English,2020.0,2020.0,High,English,Drama/Romance
Operation Varsity Blues: The College Admissions Scandal,Documentary,2021-03-17,99,7.0,English,2021.0,2020.0,High,English,Documentary
Pele,Documentary,2021-02-23,108,7.0,English,2021.0,2020.0,High,English,Documentary
ReMastered: The Lion's Share,Documentary,2019-05-17,84,7.0,English,2019.0,2010.0,High,English,Documentary
ReMastered: The Miami Showband Massacre,Documentary,2019-03-22,70,7.0,English,2019.0,2010.0,High,English,Documentary
Rose Island,Comedy,2020-12-09,117,7.0,Italian,2020.0,2020.0,High,Non-English,Comedy
The Christmas Chronicles,Christmas/Fantasy/Adventure/Comedy,2018-11-22,104,7.0,English,2018.0,2010.0,High,English,Comedy
The Dirt,Biopic,2019-03-22,108,7.0,English,2019.0,2010.0,High,English,Other
The Night Comes for Us,Action-Thriller,2018-10-19,121,7.0,Indonesian,2018.0,2010.0,High,Non-English,Thriller/Horror
Beats,Drama,2019-06-19,110,7.1,English,2019.0,2010.0,High,English,Drama/Romance
Circus of Books,Documentary,2020-04-22,92,7.1,English,2020.0,2020.0,High,English,Documentary
Dance Dreams: Hot Chocolate Nutcracker,Documentary,2020-11-27,80,7.1,English,2020.0,2020.0,High,English,Documentary
El Pepe: A Supreme Life,Documentary,2019-12-27,73,7.1,Spanish,2019.0,2010.0,High,Non-English,Documentary
Evelyn,Documentary,2019-09-10,96,7.1,English,2019.0,2010.0,High,English,Documentary
Ferry,Crime Drama,2021-05-14,106,7.1,Dutch,2021.0,2020.0,High,Non-English,Drama/Romance
Grass Is Greener,Documentary,2019-04-20,97,7.1,English,2019.0,2010.0,High,English,Documentary
Guillermo Vilas: Settling the Score,Documentary,2020-10-27,94,7.1,Spanish,2020.0,2020.0,High,Non-English,Documentary
Joshua: Teenager vs. Superpower,Documentary,2017-05-26,78,7.1,English,2017.0,2010.0,High,English,Documentary
Keith Richards: Under the Influence,Documentary,2015-09-18,81,7.1,English,2015.0,2010.0,High,English,Documentary
Knock Down the House,Documentary,2019-05-01,87,7.1,English,2019.0,2010.0,High,English,Documentary
Loudon Wainwright III: Surviving Twin,One-Man Show,2018-11-13,91,7.1,English,2018.0,2010.0,High,English,Other
My Beautiful Broken Brain,Documentary,2016-03-18,91,7.1,English,2016.0,2010.0,High,English,Documentary
One of Us,Documentary,2017-10-20,95,7.1,English,2017.0,2010.0,High,English,Documentary
Pieces of a Woman,Drama,2021-01-07,126,7.1,English,2021.0,2020.0,High,English,Drama/Romance
ReMastered: Tricky Dick & the Man in Black,Documentary,2018-11-02,58,7.1,English,2018.0,2010.0,High,English,Documentary
The Devil All the Time,Psychological Thriller,2020-09-16,138,7.1,English,2020.0,2020.0,High,English,Thriller/Horror
The Dig,Drama,2021-01-29,112,7.1,English,2021.0,2020.0,High,English,Drama/Romance
The Great Hack,Documentary,2019-07-24,114,7.1,English,2019.0,2010.0,High,English,Documentary
The White Tiger,Drama,2021-01-22,125,7.1,English,2021.0,2020.0,High,English,Drama/Romance
To All the Boys I've Loved Before,Romantic Comedy,2018-08-17,99,7.1,English,2018.0,2010.0,High,English,Comedy
American Murder: The Family Next Door,Documentary,2020-09-30,82,7.2,English,2020.0,2020.0,High,English,Documentary
Audrie & Daisy,Documentary,2016-09-23,98,7.2,English,2016.0,2010.0,High,English,Documentary
First They Killed My Father,Drama,2017-09-15,136,7.2,Khmer/English/French,2017.0,2010.0,High,English,Drama/Romance
Fyre: The Greatest Party That Never Happened,Documentary,2019-01-18,97,7.2,English,2019.0,2010.0,High,English,Documentary
Into the Inferno,Documentary,2016-10-28,107,7.2,English,2016.0,2010.0,High,English,Documentary
LA Originals,Documentary,2020-04-10,92,7.2,English,2020.0,2020.0,High,English,Documentary
Love per Square Foot,Romantic Comedy,2018-02-14,133,7.2,Hindi,2018.0,2010.0,High,Non-English,Comedy
Paddleton,Drama-Comedy,2019-02-22,89,7.2,English,2019.0,2010.0,High,English,Drama/Romance
Private Life,Drama,2018-10-05,124,7.2,English,2018.0,2010.0,High,English,Drama/Romance
Seventeen,Coming-Of-Age Comedy-Drama,2019-10-18,99,7.2,Spanish,2019.0,2010.0,High,Non-English,Drama/Romance
Sometimes,Drama,2018-05-01,101,7.2,Tamil,2018.0,2010.0,High,Non-English,Drama/Romance
Soni,Crime Drama,2019-01-18,97,7.2,Hindi,2019.0,2010.0,High,Non-English,Drama/Romance
The 40-Year-Old Version,Comedy,2020-10-09,124,7.2,English,2020.0,2020.0,High,English,Comedy
The Disciple,Drama,2021-04-30,129,7.2,Marathi,2021.0,2020.0,High,Non-English,Drama/Romance
The Edge of Democracy,Documentary,2019-06-19,121,7.2,Portuguese,2019.0,2010.0,High,Non-English,Documentary
The King,Historical Drama,2019-11-01,140,7.2,English,2019.0,2010.0,High,English,Drama/Romance
The Siege of Jadotville,War,2016-10-07,108,7.2,English,2016.0,2010.0,High,English,Other
Dolemite Is My Name,Biopic,2019-10-25,118,7.3,English,2019.0,2010.0,High,English,Other
El Camino: A Breaking Bad Movie,Crime Drama,2019-10-11,121,7.3,English,2019.0,2010.0,High,English,Drama/Romance
Father Soldier Son,Documentary,2020-07-17,100,7.3,English,2020.0,2020.0,High,English,Documentary
Get Me Roger Stone,Documentary,2017-05-12,101,7.3,English,2017.0,2010.0,High,English,Documentary
I'm No Longer Here,Drama,2020-05-27,105,7.3,Spanish,2020.0,2020.0,High,Non-English,Drama/Romance
Mucho Mucho Amor: The Legend of Walter Mercado ,Documentary,2020-07-08,96,7.3,Spanish/English,2020.0,2020.0,High,English,Documentary
Okja,Action-Adventure,2017-06-28,121,7.3,English/Korean,2017.0,2010.0,High,English,Action/Adventure
On My Skin,Crime Drama,2018-09-12,100,7.3,Italian,2018.0,2010.0,High,Non-English,Drama/Romance
ReMastered: Massacre at the Stadium,Documentary,2019-01-11,64,7.3,English/Spanish,2019.0,2010.0,High,English,Documentary
ReMastered: The Two Killings of Sam Cooke,Documentary,2019-02-08,64,7.3,English,2019.0,2010.0,High,English,Documentary
Secrets of the Saqqara Tomb,Documentary,2020-10-28,114,7.3,English/Arabic,2020.0,2020.0,High,English,Documentary
Sky Ladder: The Art of Cai Guo-Qiang,Documentary,2016-10-14,79,7.3,English/Mandarin,2016.0,2010.0,High,English,Documentary
Team Foxcatcher,Documentary,2016-04-29,90,7.3,English/Russian,2016.0,2010.0,High,English,Documentary
The Ballad of Buster Scruggs,Western,2018-11-16,132,7.3,English,2018.0,2010.0,High,English,Other
The Death and Life of Marsha P. Johnson,Documentary,2017-10-06,105,7.3,English,2017.0,2010.0,High,English,Documentary
The Fundamentals of Caring,Comedy-Drama,2016-06-24,97,7.3,English,2016.0,2010.0,High,English,Drama/Romance
The Other One: The Long Strange Trip of Bob Weir,Documentary,2015-05-22,83,7.3,English,2015.0,2010.0,High,English,Documentary
American Factory,Documentary,2019-08-21,110,7.4,English,2019.0,2010.0,High,English,Documentary
Miss Americana,Documentary,2020-01-31,85,7.4,English,2020.0,2020.0,High,English,Documentary
Shawn Mendes: Live in Concert,Concert Film,2020-11-25,87,7.4,English,2020.0,2020.0,High,English,Other
Shirkers,Documentary,2018-10-26,97,7.4,English,2018.0,2010.0,High,English,Documentary
The Black Godfather,Documentary,2019-06-07,118,7.4,English,2019.0,2010.0,High,English,Documentary
They'll Love Me When I'm Dead,Documentary,2018-11-02,98,7.4,English,2018.0,2010.0,High,English,Documentary
Tig,Documentary,2015-07-17,80,7.4,English,2015.0,2010.0,High,English,Documentary
"Barbra: The Music, The Mem'ries, The Magic!",Concert Film,2017-11-22,108,7.5,English,2017.0,2010.0,High,English,Other
Blackpink: Light Up the Sky,Documentary,2020-10-14,79,7.5,Korean,2020.0,2020.0,High,Non-English,Documentary
City of Joy,Documentary,2018-09-07,74,7.5,English,2018.0,2010.0,High,English,Documentary
Dick Johnson Is Dead,Documentary,2020-10-02,90,7.5,English,2020.0,2020.0,High,English,Documentary
Homecoming: A Film by Beyonce ,Documentary,2019-04-17,137,7.5,English,2019.0,2010.0,High,English,Documentary
Invader Zim: Enter the Florpus,Animation / Science Fiction,2019-08-16,71,7.5,English,2019.0,2010.0,High,English,Other
Joan Didion: The Center Will Not Hold,Documentary,,98,7.5,English,,,High,English,Documentary
John Mulaney & the Sack Lunch Bunch,Variety Show,2019-12-24,70,7.5,English,2019.0,2010.0,High,English,Other
Reversing Roe,Documentary,2018-09-13,99,7.5,English,2018.0,2010.0,High,English,Documentary
Athlete A,Documentary,2020-06-24,104,7.6,English,2020.0,2020.0,High,English,Documentary
Quincy,Documentary,2018-09-21,124,7.6,English,2018.0,2010.0,High,English,Documentary
Tell Me Who I Am,Documentary,2019-10-18,85,7.6,English,2019.0,2010.0,High,English,Documentary
The Bleeding Edge,Documentary,2018-07-27,100,7.6,English,2018.0,2010.0,High,English,Documentary
The Social Dilemma,Documentary,2020-09-09,94,7.6,English,2020.0,2020.0,High,English,Documentary
The Two Popes,Drama,2019-12-20,125,7.6,English,2019.0,2010.0,High,English,Drama/Romance
"What Happened, Miss Simone?",Documentary,2015-06-26,84,7.6,English,2015.0,2010.0,High,English,Documentary
Yeh Ballet,Drama,2020-02-21,117,7.6,Hindi,2020.0,2020.0,High,Non-English,Drama/Romance
Beasts of No Nation,War Drama,2015-10-16,136,7.7,English/Akan,2015.0,2010.0,High,English,Drama/Romance
Brene Brown: The Call to Courage,Documentary,2019-04-19,76,7.7,English,2019.0,2010.0,High,English,Documentary
Crip Camp: A Disability Revolution,Documentary,2020-03-25,108,7.7,English,2020.0,2020.0,High,English,Documentary
"Jim & Andy: The Great Beyond - Featuring a Very Special, Contractually Obligated Mention of Tony Cliffton ",Documentary,2017-11-17,94,7.7,English,2017.0,2010.0,High,English,Documentary
Justin Timberlake + The Tennessee Kids,Concert Film,2016-10-12,90,7.7,English,2016.0,2010.0,High,English,Other
Road to Roma,Making-Of,2020-02-11,72,7.7,Spanish,2020.0,2020.0,High,Non-English,Other
Roma,Drama,2018-12-14,135,7.7,Spanish,2018.0,2010.0,High,Non-English,Drama/Romance
The Trial of the Chicago 7,Drama,2020-10-16,130,7.8,English,2020.0,2020.0,High,English,Drama/Romance
A Secret Love,Documentary,2020-04-29,82,7.9,English,2020.0,2020.0,High,English,Documentary
Icarus,Documentary,2017-08-04,120,7.9,English,2017.0,2010.0,High,English,Documentary
Marriage Story,Drama,2019-12-06,136,7.9,English,2019.0,2010.0,High,English,Drama/Romance
The Ivory Game,Documentary,2016-11-04,112,7.9,English,2016.0,2010.0,High,English,Documentary
Struggle: The Life and Lost Art of Szukaiski,Documentary,2018-12-21,105,8.0,English,2018.0,2010.0,High,English,Documentary
Chasing Coral ,Documentary,2017-07-14,89,8.1,English,2017.0,2010.0,High,English,Documentary
My Octopus Teacher,Documentary,2020-09-07,85,8.1,English,2020.0,2020.0,High,English,Documentary
Rising Phoenix,Documentary,2020-08-26,106,8.1,English,2020.0,2020.0,High,English,Documentary
13th,Documentary,2016-10-07,100,8.2,English,2016.0,2010.0,High,English,Documentary
Disclosure: Trans Lives on Screen,Documentary,2020-06-19,107,8.2,English,2020.0,2020.0,High,English,Documentary
Klaus,Animation/Christmas/Comedy/Adventure,2019-11-15,97,8.2,English,2019.0,2010.0,High,English,Comedy
Seaspiracy,Documentary,2021-03-24,89,8.2,English,2021.0,2020.0,High,English,Documentary
The Three Deaths of Marisela Escobedo,Documentary,2020-10-14,109,8.2,Spanish,2020.0,2020.0,High,Non-English,Documentary
Cuba and the Cameraman ,Documentary,2017-11-24,114,8.3,English,2017.0,2010.0,High,English,Documentary
Ben Platt: Live from Radio City Music Hall,Concert Film,2020-05-20,85,8.4,English,2020.0,2020.0,High,English,Other
Taylor Swift: Reputation Stadium Tour,Concert Film,2018-12-31,125,8.4,English,2018.0,2010.0,High,English,Other
Winter on Fire: Ukraine's Fight for Freedom,Documentary,2015-10-09,91,8.4,English/Ukranian/Russian,2015.0,2010.0,High,English,Documentary
Emicida: AmarElo - It's All For Yesterday,Documentary,2020-12-08,89,8.6,Portuguese,2020.0,2020.0,High,Non-English,Documentary
David Attenborough: A Life on Our Planet,Documentary,2020-10-04,83,9.0,English,2020.0,2020.0,High,English,Documentary
